run_id,order_id,engine_match_tier,engine_category,engine_reasoning,agent_selection_reason,agent_invoked,agent_cause,agent_confidence,agent_explanation,agent_recommended_action,agent_error,engine_agent_agreement,review_status,review_reason,action_taken,autonomous_action_taken
e09cc2efd4df,118a9d29-2f92-4996-99f1-95d014822f53,no_match,duplicate_transaction,Order has 2 settlement lines for the same transaction — investigate duplicate payout.,flagged_by_engine,True,duplicate_transaction,1.0,"The actual settlement_report line shows two identical entries for the same transaction_id (87e5f0fe-5da8-46d2-b8b3-8a8be05fb8bc). This indicates that the system has processed this order twice, leading to an incorrect net amount in the batch. The expected_net_amount of 850.85 is correctly reflected in both lines, but the presence of two identical entries suggests a duplication issue.",Review the transaction processing logic to ensure that each order is processed only once per batch.,,agree,needs_human_review,Engine flagged an exception; advisory diagnosis attached for context.,none,False
e09cc2efd4df,17a0df49-0d01-480f-989a-40c0e87d1c78,no_match,missing_payout,No settlement record found for this order in this batch.,flagged_by_engine,True,missing_payout,0.95,"The actual settlement_report line does not exist for this order, and there is no bank_feed credit or any sum of settlement_report.net_amount provided for the batch. This indicates that the order was not processed in this particular settlement cycle. Given that no settlement_report lines are found, it's clear that the order did not receive a payout during this batch. The expected net amount (2515.69) and other figures align with the order details, but since there is no corresponding entry in the settlement reports, we can confidently diagnose this as a missing payout.",Review the batch-level context for any potential issues or delays that might have caused the order to be excluded from this particular settlement cycle.,,agree,needs_human_review,Engine flagged an exception; advisory diagnosis attached for context.,none,False
e09cc2efd4df,6b65a6a4-8b81-48f6-b38a-088ca65ed389,no_match,duplicate_transaction,Order has 2 settlement lines for the same transaction — investigate duplicate payout.,flagged_by_engine,True,clean_match,1.0,"The actual settlement line matches the recomputed expected figures exactly. The order's expected MDR fee is 4.6, GST on MDR is 0.83, and there is no refund adjustment since there was no refund. The net amount after fees and taxes is 224.6, which aligns perfectly with both the settlement_report line and the recomputed figures. Additionally, the batch-level context shows that the bank_feed credit for this batch matches the sum of its settlement lines, further confirming a clean match.",No action required as the order is reconciled correctly.,,disagree,needs_human_review,Engine flagged an exception and the advisory agent diagnosed a different cause — review both before acting.,none,False
e09cc2efd4df,a911d192-43bf-4931-b605-bf54a021c0ca,no_match,missing_payout,No settlement record found for this order in this batch.,flagged_by_engine,True,missing_payout,1.0,"The actual settlement_report line does not exist for this order, and there is no bank_feed credit or any other settlement_report lines in the batch context provided. This indicates that the order was not processed during this settlement cycle. Given that no settlement_report line exists at all, it's clear that the order did not receive a payout in this particular batch.","Review the order status and ensure it has been correctly submitted for processing. If the order should have been processed, investigate potential system issues or delays.",,agree,needs_human_review,Engine flagged an exception; advisory diagnosis attached for context.,none,False
e09cc2efd4df,04f64d86-7866-4765-94f7-ce8dd5bcb8d0,fuzzy,mdr_rate_mismatch,MDR fee charged (99.98) does not match the agreed rate (expected 95.22).,flagged_by_engine,True,mdr_rate_mismatch,0.95,"The actual MDR fee charged (99.98) does not match the expected MDR fee based on the agreed rate of 0.02. The expected MDR fee was calculated as 95.22, but the actual MDR fee recorded in the settlement_report is 99.98. This discrepancy suggests that a different MDR rate was applied, leading to an extra charge of 4.76 (99.98 - 95.22). The other figures such as GST and net amount match up correctly, indicating that this is the only issue.",Review the MDR rate settings to ensure they align with the agreed terms for this order.,,agree,needs_human_review,Engine flagged an exception; advisory diagnosis attached for context.,none,False
e09cc2efd4df,0ef8c2d6-f7fd-4646-b7bb-3eec4bf50b52,fuzzy,mdr_rate_mismatch,MDR fee charged (76.02) does not match the agreed rate (expected 72.4).,flagged_by_engine,True,mdr_rate_mismatch,0.95,"The actual MDR fee charged (76.02) does not match the expected MDR fee based on the agreed rate of 0.02. The recomputed expected MDR fee is 72.4, but the actual settlement report shows a higher fee of 76.02. This discrepancy suggests that either the MDR rate was applied incorrectly or there might be an additional fee component not accounted for in the order details.",Review the MDR calculation process to ensure consistency with the agreed rate and investigate any potential additional fees.,,agree,needs_human_review,Engine flagged an exception; advisory diagnosis attached for context.,none,False
e09cc2efd4df,3b048a8b-405b-4dc9-8e7e-d827455ac762,fuzzy,timing_lag_refund,Order has a refund of 990.53 not reflected in this settlement's refund_adjustment; likely pending the next cycle.,flagged_by_engine,True,timing_lag_refund,0.85,"The actual net amount recorded in the settlement report (1680.26) does not match the expected net amount (689.73). This discrepancy is likely due to a refund that was processed too late for this cycle. The order had a refund of 990.53 on January 12, which is after the settlement report date of January 10. Therefore, this refund adjustment should have been included in the next settlement batch and not in this one.",Review the timing of refunds for this order to ensure that future refunds are processed before the end of the current settlement cycle.,,agree,needs_human_review,Engine flagged an exception; advisory diagnosis attached for context.,none,False
e09cc2efd4df,43b9da13-ec85-4f37-bbc1-a987aff8754d,fuzzy,mdr_rate_mismatch,MDR fee charged (74.44) does not match the agreed rate (expected 70.89).,flagged_by_engine,True,mdr_rate_mismatch,0.95,"The actual MDR fee charged (74.44) does not match the expected MDR fee based on the agreed rate of 2% (0.02). The recomputed expected MDR fee is 70.89, but the actual settlement report shows a higher MDR fee of 74.44. This discrepancy suggests that the MDR rate applied to this order was different from the agreed rate.",Review the terms and conditions for any recent changes in the MDR rate or check if there were any special fees applied to this particular transaction.,,agree,needs_human_review,Engine flagged an exception; advisory diagnosis attached for context.,none,False
e09cc2efd4df,504d281f-c953-4b63-ba81-edd9587ef344,fuzzy,mdr_rate_mismatch,MDR fee charged (6.04) does not match the agreed rate (expected 5.75).,flagged_by_engine,True,clean_match,0.95,"The actual settlement line matches the recomputed expected figures closely, indicating no real issue. Here are the specific numbers compared:

- Expected MDR fee: 5.75
- Actual MDR fee: 6.04 (a small discrepancy of 0.29)
- Expected GST on MDR: 1.03
- Actual GST on MDR: 1.09 (a small discrepancy of 0.06)
- Expected refund adjustment: 0.0
- Actual refund adjustment: 0.0
- Expected net amount: 280.68
- Actual net amount: 280.33 (a small discrepancy of 0.35)

The discrepancies are minimal and could be due to rounding differences or minor calculation errors, but they do not indicate any significant issues. The batch-level context also shows that the bank credit matches the sum of its settlement lines, further supporting a clean match.

Given these figures, the confidence in this being a clean match is high.",No action required as the discrepancies are within acceptable limits.,,disagree,needs_human_review,Engine flagged an exception and the advisory agent diagnosed a different cause — review both before acting.,none,False
e09cc2efd4df,750cab75-4ccc-4bc2-a53f-8a28abf3e3fc,fuzzy,timing_lag_refund,Order has a refund of 269.5 not reflected in this settlement's refund_adjustment; likely pending the next cycle.,flagged_by_engine,True,timing_lag_refund,0.85,"The actual net amount recorded in the settlement report (970.1) does not match the expected net amount of 1239.6, which is calculated by subtracting the refund adjustment from the order amount after applying the MDR and GST. The discrepancy can be attributed to a timing issue with the refund. The order had a refund processed on 2026-01-07, but this settlement report was generated for the batch dated 2026-01-06. Given that the refund occurred after the initial settlement date, it is likely that the refund adjustment of 269.5 has not yet been applied to this particular settlement cycle. This suggests a timing lag in the processing of refunds, and the order should be expected to show the correct net amount next time when the refund is processed.",Monitor the next settlement report for this batch or the subsequent one to ensure that the refund adjustment is correctly applied.,,agree,needs_human_review,Engine flagged an exception; advisory diagnosis attached for context.,none,False
e09cc2efd4df,82dc4c8e-36b5-429a-acf5-e81e71316269,fuzzy,timing_lag_refund,Order has a refund of 1557.6 not reflected in this settlement's refund_adjustment; likely pending the next cycle.,flagged_by_engine,True,timing_lag_refund,0.95,"The actual net amount recorded in the settlement report (3229.99) does not match the expected net amount (1672.39). The difference is due to a refund that was processed after this settlement cycle, which is reflected in the order's refund_amount of 1557.60. This refund should have been included in the current settlement but wasn't because it was processed on 2026-01-11, three days after the initial transaction date (2026-01-08). The expected net amount calculation does not account for this late refund, leading to a discrepancy. Given that the refund is too recent to be included in this cycle, it should be reflected in the next settlement report.",Monitor future settlement reports for this order and ensure that any late refunds are appropriately accounted for.,,agree,needs_human_review,Engine flagged an exception; advisory diagnosis attached for context.,none,False
e09cc2efd4df,a9f948b2-4e63-44bb-be49-3f43b118f68d,fuzzy,timing_lag_refund,Order has a refund of 999.68 not reflected in this settlement's refund_adjustment; likely pending the next cycle.,flagged_by_engine,True,timing_lag_refund,0.95,"The actual net amount recorded in the settlement report (2241.87) does not match the recomputed expected net amount (1242.19). This discrepancy is likely due to a refund that was processed too late for this cycle. The order had a refund of 999.68 on January 12, which is after the settlement report date of January 10. Given the MDR and GST calculations are correct based on the original transaction amount, the only plausible explanation is that the refund adjustment was not included in this settlement cycle due to timing issues.",Review the refund processing timeline for this order and ensure that future refunds are processed before the end of the current settlement period.,,agree,needs_human_review,Engine flagged an exception; advisory diagnosis attached for context.,none,False
e09cc2efd4df,f0bbac67-aa38-40a1-aba2-5efe311c6eb6,fuzzy,timing_lag_refund,Order has a refund of 3431.81 not reflected in this settlement's refund_adjustment; likely pending the next cycle.,flagged_by_engine,True,timing_lag_refund,0.95,"The actual net amount reported in the settlement line (3433.33) does not match the expected net amount (1.52). The expected net amount is calculated as follows: order_amount - refund_adjustment + mdr_fee + gst_on_mdr = 3516.32 - 3431.81 + 70.33 + 12.66 = 1.52. However, the actual net amount reported is 3433.33, which suggests that the refund was not fully accounted for in this settlement cycle due to a timing issue. The refund date (2026-01-09) is one day after the order date (2026-01-08), and it appears that the system did not process the full refund adjustment in time for this batch. This indicates a potential delay in processing refunds, leading to an incorrect net amount reported.",Review the refund processing timeline to ensure timely adjustments are made in future cycles.,,agree,needs_human_review,Engine flagged an exception; advisory diagnosis attached for context.,none,False
e09cc2efd4df,ff9ab5c2-9f04-4aed-b552-332702627f73,fuzzy,timing_lag_refund,Order has a refund of 2456.28 not reflected in this settlement's refund_adjustment; likely pending the next cycle.,flagged_by_engine,True,timing_lag_refund,0.95,"The actual net amount recorded in the settlement report (4542.4) does not match the expected net amount of 2086.12, indicating a discrepancy. The expected refund adjustment of 2456.28 is missing from the settlement report line, which suggests that the refund was processed too late for this cycle and should be reflected in the next batch's settlement report.",Review the refund processing timeline to ensure timely updates in future cycles.,,agree,needs_human_review,Engine flagged an exception; advisory diagnosis attached for context.,none,False
e09cc2efd4df,00257ad1-eb22-43dd-87c5-421eec24a3c5,exact,clean_match,"Settlement matches the expected MDR fee, GST, and refund adjustment exactly.",not_selected,False,,,,,,not_assessed,auto_cleared,Engine matched cleanly; no exception detected.,none,False
e09cc2efd4df,0200b1f0-8768-484f-a76a-fde6ce9e1a11,exact,clean_match,"Settlement matches the expected MDR fee, GST, and refund adjustment exactly.",not_selected,False,,,,,,not_assessed,auto_cleared,Engine matched cleanly; no exception detected.,none,False
e09cc2efd4df,0640be0f-25b8-4d4b-b2fa-2de8ce7ae7f6,exact,clean_match,"Settlement matches the expected MDR fee, GST, and refund adjustment exactly.",not_selected,False,,,,,,not_assessed,auto_cleared,Engine matched cleanly; no exception detected.,none,False
e09cc2efd4df,0f02bad0-e706-4ef4-a6aa-9385dd59ba71,exact,clean_match,"Settlement matches the expected MDR fee, GST, and refund adjustment exactly.",not_selected,False,,,,,,not_assessed,auto_cleared,Engine matched cleanly; no exception detected.,none,False
e09cc2efd4df,0f1259e0-a18f-46b6-b535-106e122c9a56,exact,clean_match,"Settlement matches the expected MDR fee, GST, and refund adjustment exactly.",not_selected,False,,,,,,not_assessed,auto_cleared,Engine matched cleanly; no exception detected.,none,False
e09cc2efd4df,0f44704f-1247-4a4e-a469-98e8d39e198b,exact,clean_match,"Settlement matches the expected MDR fee, GST, and refund adjustment exactly.",not_selected,False,,,,,,not_assessed,auto_cleared,Engine matched cleanly; no exception detected.,none,False
e09cc2efd4df,1190f938-a66f-47f7-b966-9fa759970043,exact,clean_match,"Settlement matches the expected MDR fee, GST, and refund adjustment exactly.",clean_control_sample,True,clean_match,1.0,"The actual settlement line matches the recomputed expected figures exactly. The order's expected MDR fee, GST on MDR, refund adjustment, and net amount all align with the values recorded in the settlement_report line. Specifically, the expected MDR fee is 54.86, which matches the mdr_fee of 54.86 in the settlement_report. Similarly, the expected GST on MDR is 9.87, matching the gst_on_mdr value. The refund_adjustment is 0.0 as there was no refund, and the net_amount of 2678.42 matches the computed figure. Given that all values are in perfect agreement, this order can be considered a clean match.",No action required. The settlement is accurate based on the provided data.,,agree,auto_cleared,Engine matched cleanly; no exception detected.,none,False
e09cc2efd4df,157d94a1-06f0-48ff-a9ba-5a27907bfe36,exact,clean_match,"Settlement matches the expected MDR fee, GST, and refund adjustment exactly.",not_selected,False,,,,,,not_assessed,auto_cleared,Engine matched cleanly; no exception detected.,none,False
e09cc2efd4df,15b52908-a8aa-4158-ab70-e525bc67f831,exact,clean_match,"Settlement matches the expected MDR fee, GST, and refund adjustment exactly.",not_selected,False,,,,,,not_assessed,auto_cleared,Engine matched cleanly; no exception detected.,none,False
e09cc2efd4df,162f8a24-ef43-413c-94aa-c9a33ed8c56c,exact,clean_match,"Settlement matches the expected MDR fee, GST, and refund adjustment exactly.",not_selected,False,,,,,,not_assessed,auto_cleared,Engine matched cleanly; no exception detected.,none,False
e09cc2efd4df,1bac5c15-4fa0-4f26-b6f7-f0cc29ec8e49,exact,clean_match,"Settlement matches the expected MDR fee, GST, and refund adjustment exactly.",not_selected,False,,,,,,not_assessed,auto_cleared,Engine matched cleanly; no exception detected.,none,False
e09cc2efd4df,1c8eaee9-5715-4d6f-a416-1293c4c2e2e3,exact,clean_match,"Settlement matches the expected MDR fee, GST, and refund adjustment exactly.",not_selected,False,,,,,,not_assessed,auto_cleared,Engine matched cleanly; no exception detected.,none,False
e09cc2efd4df,217d65a0-c568-41cd-9563-f61600e85ece,exact,clean_match,"Settlement matches the expected MDR fee, GST, and refund adjustment exactly.",not_selected,False,,,,,,not_assessed,auto_cleared,Engine matched cleanly; no exception detected.,none,False
e09cc2efd4df,2790cebd-bfdd-43d9-9ee3-ac2af94d6204,exact,clean_match,"Settlement matches the expected MDR fee, GST, and refund adjustment exactly.",not_selected,False,,,,,,not_assessed,auto_cleared,Engine matched cleanly; no exception detected.,none,False
e09cc2efd4df,2bcfbe01-a28d-4fe3-9bf0-027312476f57,exact,clean_match,"Settlement matches the expected MDR fee, GST, and refund adjustment exactly.",not_selected,False,,,,,,not_assessed,auto_cleared,Engine matched cleanly; no exception detected.,none,False
e09cc2efd4df,30a900ad-939b-462d-a645-f129629c2ae3,exact,clean_match,"Settlement matches the expected MDR fee, GST, and refund adjustment exactly.",not_selected,False,,,,,,not_assessed,auto_cleared,Engine matched cleanly; no exception detected.,none,False
e09cc2efd4df,3170f437-a8f7-4f5a-860e-df5b39118497,exact,clean_match,"Settlement matches the expected MDR fee, GST, and refund adjustment exactly.",not_selected,False,,,,,,not_assessed,auto_cleared,Engine matched cleanly; no exception detected.,none,False
e09cc2efd4df,364d7c87-7cd0-429d-ae8d-0e87533420e6,exact,clean_match,"Settlement matches the expected MDR fee, GST, and refund adjustment exactly.",not_selected,False,,,,,,not_assessed,auto_cleared,Engine matched cleanly; no exception detected.,none,False
e09cc2efd4df,37cc863b-f2a0-4459-9060-4f621d48a071,exact,clean_match,"Settlement matches the expected MDR fee, GST, and refund adjustment exactly.",not_selected,False,,,,,,not_assessed,auto_cleared,Engine matched cleanly; no exception detected.,none,False
e09cc2efd4df,382567b8-5cab-4c97-a63f-1c97956269f0,exact,clean_match,"Settlement matches the expected MDR fee, GST, and refund adjustment exactly.",not_selected,False,,,,,,not_assessed,auto_cleared,Engine matched cleanly; no exception detected.,none,False
e09cc2efd4df,3c835dc0-d944-4fa5-80e9-ab30ed2662e9,exact,clean_match,"Settlement matches the expected MDR fee, GST, and refund adjustment exactly.",not_selected,False,,,,,,not_assessed,auto_cleared,Engine matched cleanly; no exception detected.,none,False
e09cc2efd4df,3fa7f104-1bf9-4e27-9c96-925eccf3a171,exact,clean_match,"Settlement matches the expected MDR fee, GST, and refund adjustment exactly.",not_selected,False,,,,,,not_assessed,auto_cleared,Engine matched cleanly; no exception detected.,none,False
e09cc2efd4df,425a609f-7337-4599-b984-4388dc8aee30,exact,clean_match,"Settlement matches the expected MDR fee, GST, and refund adjustment exactly.",not_selected,False,,,,,,not_assessed,auto_cleared,Engine matched cleanly; no exception detected.,none,False
e09cc2efd4df,45241ea6-a684-4099-b729-4951859131d2,exact,clean_match,"Settlement matches the expected MDR fee, GST, and refund adjustment exactly.",not_selected,False,,,,,,not_assessed,auto_cleared,Engine matched cleanly; no exception detected.,none,False
e09cc2efd4df,458f1f19-3c07-4574-8925-7af1b6aae05b,exact,clean_match,"Settlement matches the expected MDR fee, GST, and refund adjustment exactly.",not_selected,False,,,,,,not_assessed,auto_cleared,Engine matched cleanly; no exception detected.,none,False
e09cc2efd4df,45b1ed25-f153-4ae8-a70a-cc5cb321bf21,exact,clean_match,"Settlement matches the expected MDR fee, GST, and refund adjustment exactly.",not_selected,False,,,,,,not_assessed,auto_cleared,Engine matched cleanly; no exception detected.,none,False
e09cc2efd4df,45b89cd9-27cb-4f2a-8da0-1097be0f051b,exact,clean_match,"Settlement matches the expected MDR fee, GST, and refund adjustment exactly.",not_selected,False,,,,,,not_assessed,auto_cleared,Engine matched cleanly; no exception detected.,none,False
e09cc2efd4df,4639447b-2067-4dac-88bd-13d1b540b30e,exact,clean_match,"Settlement matches the expected MDR fee, GST, and refund adjustment exactly.",not_selected,False,,,,,,not_assessed,auto_cleared,Engine matched cleanly; no exception detected.,none,False
e09cc2efd4df,47294739-614f-43d7-99db-3ad0ddd1dfb2,exact,clean_match,"Settlement matches the expected MDR fee, GST, and refund adjustment exactly.",clean_control_sample,True,clean_match,1.0,"The actual settlement line matches the recomputed expected figures exactly. The order amount is 4927.59, and there are no refunds involved. The MDR fee of 98.55, GST on MDR of 17.74, refund adjustment of 0.0, and net amount of 4811.3 all align perfectly with the recomputed values based on the order's details and the agreed MDR rate. Additionally, the batch-level context shows that the bank credit for this settlement batch (59549.47) matches the sum of its settlement report lines (59549.47), indicating a clean reconciliation.",No action required as the order is reconciled correctly.,,agree,auto_cleared,Engine matched cleanly; no exception detected.,none,False
e09cc2efd4df,473bd358-610e-4a64-a130-1617c2dff335,exact,clean_match,"Settlement matches the expected MDR fee, GST, and refund adjustment exactly.",not_selected,False,,,,,,not_assessed,auto_cleared,Engine matched cleanly; no exception detected.,none,False
e09cc2efd4df,49e2623d-ebd3-4616-91b7-8d8ed3016989,exact,clean_match,"Settlement matches the expected MDR fee, GST, and refund adjustment exactly.",not_selected,False,,,,,,not_assessed,auto_cleared,Engine matched cleanly; no exception detected.,none,False
e09cc2efd4df,4bd6cee6-31b1-4099-9527-21e719bc143e,exact,clean_match,"Settlement matches the expected MDR fee, GST, and refund adjustment exactly.",not_selected,False,,,,,,not_assessed,auto_cleared,Engine matched cleanly; no exception detected.,none,False
e09cc2efd4df,5380b904-688c-4015-aab9-7e494f2d4796,exact,clean_match,"Settlement matches the expected MDR fee, GST, and refund adjustment exactly.",not_selected,False,,,,,,not_assessed,auto_cleared,Engine matched cleanly; no exception detected.,none,False
e09cc2efd4df,598336e3-75d6-4ed4-ab1f-a9f2d10bd1d0,exact,clean_match,"Settlement matches the expected MDR fee, GST, and refund adjustment exactly.",not_selected,False,,,,,,not_assessed,auto_cleared,Engine matched cleanly; no exception detected.,none,False
e09cc2efd4df,59e4b671-4774-4c58-85f8-bc16f7860b50,exact,clean_match,"Settlement matches the expected MDR fee, GST, and refund adjustment exactly.",not_selected,False,,,,,,not_assessed,auto_cleared,Engine matched cleanly; no exception detected.,none,False
e09cc2efd4df,5a8aaeca-1a50-4ec3-aabc-25fa3fe12e47,exact,clean_match,"Settlement matches the expected MDR fee, GST, and refund adjustment exactly.",not_selected,False,,,,,,not_assessed,auto_cleared,Engine matched cleanly; no exception detected.,none,False
e09cc2efd4df,5e84f058-d5a8-44eb-8939-23de8babce3b,exact,clean_match,"Settlement matches the expected MDR fee, GST, and refund adjustment exactly.",not_selected,False,,,,,,not_assessed,auto_cleared,Engine matched cleanly; no exception detected.,none,False
e09cc2efd4df,5fb8d16c-2720-497d-b2eb-d6899be578c7,exact,clean_match,"Settlement matches the expected MDR fee, GST, and refund adjustment exactly.",not_selected,False,,,,,,not_assessed,auto_cleared,Engine matched cleanly; no exception detected.,none,False
e09cc2efd4df,60141de9-f54a-40a2-a874-66d7ad66a1bd,exact,clean_match,"Settlement matches the expected MDR fee, GST, and refund adjustment exactly.",not_selected,False,,,,,,not_assessed,auto_cleared,Engine matched cleanly; no exception detected.,none,False
e09cc2efd4df,610cf373-4299-4aa4-8cdf-742b2e85cb21,exact,clean_match,"Settlement matches the expected MDR fee, GST, and refund adjustment exactly.",not_selected,False,,,,,,not_assessed,auto_cleared,Engine matched cleanly; no exception detected.,none,False
e09cc2efd4df,620e99d3-3b33-43d8-a69c-d696236c7b87,exact,clean_match,"Settlement matches the expected MDR fee, GST, and refund adjustment exactly.",not_selected,False,,,,,,not_assessed,auto_cleared,Engine matched cleanly; no exception detected.,none,False
e09cc2efd4df,67f48ad5-4d0b-4d1a-91b0-e1d99d9262af,exact,clean_match,"Settlement matches the expected MDR fee, GST, and refund adjustment exactly.",not_selected,False,,,,,,not_assessed,auto_cleared,Engine matched cleanly; no exception detected.,none,False
e09cc2efd4df,68949b8d-00af-4b3a-a812-859a1337739e,exact,clean_match,"Settlement matches the expected MDR fee, GST, and refund adjustment exactly.",not_selected,False,,,,,,not_assessed,auto_cleared,Engine matched cleanly; no exception detected.,none,False
e09cc2efd4df,698c206f-e1a4-4e10-ad53-4dd0cf8ebc5a,exact,clean_match,"Settlement matches the expected MDR fee, GST, and refund adjustment exactly.",not_selected,False,,,,,,not_assessed,auto_cleared,Engine matched cleanly; no exception detected.,none,False
e09cc2efd4df,6b44fa8d-d5f2-4073-b414-02b1e4429ebb,exact,clean_match,"Settlement matches the expected MDR fee, GST, and refund adjustment exactly.",not_selected,False,,,,,,not_assessed,auto_cleared,Engine matched cleanly; no exception detected.,none,False
e09cc2efd4df,6b88f83d-d97d-49cd-833d-2bce575aed2c,exact,clean_match,"Settlement matches the expected MDR fee, GST, and refund adjustment exactly.",not_selected,False,,,,,,not_assessed,auto_cleared,Engine matched cleanly; no exception detected.,none,False
e09cc2efd4df,6d7ce3c9-b4a6-4f3c-8d3a-ed99711c21c9,exact,clean_match,"Settlement matches the expected MDR fee, GST, and refund adjustment exactly.",not_selected,False,,,,,,not_assessed,auto_cleared,Engine matched cleanly; no exception detected.,none,False
e09cc2efd4df,6daa2e68-8861-4e18-98e2-58880a8381be,exact,clean_match,"Settlement matches the expected MDR fee, GST, and refund adjustment exactly.",not_selected,False,,,,,,not_assessed,auto_cleared,Engine matched cleanly; no exception detected.,none,False
e09cc2efd4df,6e6981a3-5d3d-4e56-b270-e4faabae4f43,exact,clean_match,"Settlement matches the expected MDR fee, GST, and refund adjustment exactly.",not_selected,False,,,,,,not_assessed,auto_cleared,Engine matched cleanly; no exception detected.,none,False
e09cc2efd4df,6e996e3e-e3b1-47fc-8a34-50fc9918ee46,exact,clean_match,"Settlement matches the expected MDR fee, GST, and refund adjustment exactly.",not_selected,False,,,,,,not_assessed,auto_cleared,Engine matched cleanly; no exception detected.,none,False
e09cc2efd4df,702753a1-5f98-4c71-a65e-688eabf3ad39,exact,clean_match,"Settlement matches the expected MDR fee, GST, and refund adjustment exactly.",not_selected,False,,,,,,not_assessed,auto_cleared,Engine matched cleanly; no exception detected.,none,False
e09cc2efd4df,74962764-12a4-4ef0-84bb-b7a9d98868dd,exact,clean_match,"Settlement matches the expected MDR fee, GST, and refund adjustment exactly.",not_selected,False,,,,,,not_assessed,auto_cleared,Engine matched cleanly; no exception detected.,none,False
e09cc2efd4df,75b17a55-d426-4982-a43e-4288a2b5b498,exact,clean_match,"Settlement matches the expected MDR fee, GST, and refund adjustment exactly.",not_selected,False,,,,,,not_assessed,auto_cleared,Engine matched cleanly; no exception detected.,none,False
e09cc2efd4df,766ecb15-474e-4c19-aef9-12766c006f61,exact,clean_match,"Settlement matches the expected MDR fee, GST, and refund adjustment exactly.",not_selected,False,,,,,,not_assessed,auto_cleared,Engine matched cleanly; no exception detected.,none,False
e09cc2efd4df,76f2dbfe-cd29-436f-a222-82e174daaebf,exact,clean_match,"Settlement matches the expected MDR fee, GST, and refund adjustment exactly.",not_selected,False,,,,,,not_assessed,auto_cleared,Engine matched cleanly; no exception detected.,none,False
e09cc2efd4df,7900f7f9-9382-4b43-922f-e15ae1e3db63,exact,clean_match,"Settlement matches the expected MDR fee, GST, and refund adjustment exactly.",not_selected,False,,,,,,not_assessed,auto_cleared,Engine matched cleanly; no exception detected.,none,False
e09cc2efd4df,7a4c75d4-dc99-404c-b0e9-8b3b40a26c60,exact,clean_match,"Settlement matches the expected MDR fee, GST, and refund adjustment exactly.",not_selected,False,,,,,,not_assessed,auto_cleared,Engine matched cleanly; no exception detected.,none,False
e09cc2efd4df,7a8d03aa-782a-45e0-88ca-765192f5df7b,exact,clean_match,"Settlement matches the expected MDR fee, GST, and refund adjustment exactly.",clean_control_sample,True,clean_match,1.0,"The actual settlement line matches the recomputed expected figures exactly. The order's expected MDR fee, GST on MDR, refund adjustment, and net amount all align with the values recorded in the settlement_report line. Specifically, the expected MDR fee is 50.11, which matches the mdr_fee of 50.11; the expected GST on MDR is 9.02, matching the gst_on_mdr of 9.02; there is no refund adjustment as expected (0.0); and the net amount of 2446.18 aligns with the actual net_amount recorded in the settlement_report line. The batch-level context also confirms that the bank_feed credit for this batch matches the sum of its settlement lines, further supporting a clean match.",No action required as the order is reconciled correctly.,,agree,auto_cleared,Engine matched cleanly; no exception detected.,none,False
e09cc2efd4df,7c0e8cd8-8573-4793-8715-b2b9c40c5d91,exact,clean_match,"Settlement matches the expected MDR fee, GST, and refund adjustment exactly.",not_selected,False,,,,,,not_assessed,auto_cleared,Engine matched cleanly; no exception detected.,none,False
e09cc2efd4df,7c441fe7-ab42-40a7-874a-493b3ceddf2d,exact,clean_match,"Settlement matches the expected MDR fee, GST, and refund adjustment exactly.",not_selected,False,,,,,,not_assessed,auto_cleared,Engine matched cleanly; no exception detected.,none,False
e09cc2efd4df,7cfc9b79-3875-494c-a5d6-f6e69a6ec2f5,exact,clean_match,"Settlement matches the expected MDR fee, GST, and refund adjustment exactly.",not_selected,False,,,,,,not_assessed,auto_cleared,Engine matched cleanly; no exception detected.,none,False
e09cc2efd4df,7e8f8095-624c-49b6-b244-45a7b7e58481,exact,clean_match,"Settlement matches the expected MDR fee, GST, and refund adjustment exactly.",not_selected,False,,,,,,not_assessed,auto_cleared,Engine matched cleanly; no exception detected.,none,False
e09cc2efd4df,815ef6d1-3b8f-4a18-b7f8-a88b17fc695a,exact,clean_match,"Settlement matches the expected MDR fee, GST, and refund adjustment exactly.",clean_control_sample,True,clean_match,1.0,"The actual settlement line matches the recomputed expected figures exactly. The mdr_fee, gst_on_mdr, refund_adjustment, and net_amount all align with the expected values calculated from the order details. There is no discrepancy that would suggest any of the other issues listed.",No action required as this order reconciles cleanly.,,agree,auto_cleared,Engine matched cleanly; no exception detected.,none,False
e09cc2efd4df,8715a103-43da-4043-aa45-c2ab8cbfedb0,exact,clean_match,"Settlement matches the expected MDR fee, GST, and refund adjustment exactly.",not_selected,False,,,,,,not_assessed,auto_cleared,Engine matched cleanly; no exception detected.,none,False
e09cc2efd4df,89d7fd6c-ce77-4f00-acf2-7e7685197ff4,exact,clean_match,"Settlement matches the expected MDR fee, GST, and refund adjustment exactly.",not_selected,False,,,,,,not_assessed,auto_cleared,Engine matched cleanly; no exception detected.,none,False
e09cc2efd4df,89fa6a68-8fb5-427b-beb7-99193f22faf8,exact,clean_match,"Settlement matches the expected MDR fee, GST, and refund adjustment exactly.",not_selected,False,,,,,,not_assessed,auto_cleared,Engine matched cleanly; no exception detected.,none,False
e09cc2efd4df,8ae8905b-54b4-4482-a858-6eba6a34c854,exact,clean_match,"Settlement matches the expected MDR fee, GST, and refund adjustment exactly.",not_selected,False,,,,,,not_assessed,auto_cleared,Engine matched cleanly; no exception detected.,none,False
e09cc2efd4df,8b10550c-d570-4f32-b02c-dd20286218b8,exact,clean_match,"Settlement matches the expected MDR fee, GST, and refund adjustment exactly.",not_selected,False,,,,,,not_assessed,auto_cleared,Engine matched cleanly; no exception detected.,none,False
e09cc2efd4df,8b6870b5-1d61-4ac3-acd5-e85932a447b2,exact,clean_match,"Settlement matches the expected MDR fee, GST, and refund adjustment exactly.",not_selected,False,,,,,,not_assessed,auto_cleared,Engine matched cleanly; no exception detected.,none,False
e09cc2efd4df,8da0365b-f898-47b9-805c-acec877409a9,exact,clean_match,"Settlement matches the expected MDR fee, GST, and refund adjustment exactly.",not_selected,False,,,,,,not_assessed,auto_cleared,Engine matched cleanly; no exception detected.,none,False
e09cc2efd4df,8e46d534-c88a-418e-bed4-057dbb026576,exact,clean_match,"Settlement matches the expected MDR fee, GST, and refund adjustment exactly.",clean_control_sample,True,clean_match,1.0,"The actual settlement line matches the recomputed expected figures exactly. The MDR fee, GST on MDR, refund adjustment, and net amount all align perfectly with the expected values calculated from the order alone at the agreed MDR rate of 2%. There is no discrepancy or missing information that would suggest any other issue.",No action required as this order reconciles cleanly.,,agree,auto_cleared,Engine matched cleanly; no exception detected.,none,False
e09cc2efd4df,9479e1e6-c927-4d9b-ae0d-264835ce8841,exact,clean_match,"Settlement matches the expected MDR fee, GST, and refund adjustment exactly.",not_selected,False,,,,,,not_assessed,auto_cleared,Engine matched cleanly; no exception detected.,none,False
e09cc2efd4df,969b6662-0562-4059-968c-c69b1064005c,exact,clean_match,"Settlement matches the expected MDR fee, GST, and refund adjustment exactly.",not_selected,False,,,,,,not_assessed,auto_cleared,Engine matched cleanly; no exception detected.,none,False
e09cc2efd4df,96ef2ad6-b97e-4703-86c8-adfe7bf47042,exact,clean_match,"Settlement matches the expected MDR fee, GST, and refund adjustment exactly.",not_selected,False,,,,,,not_assessed,auto_cleared,Engine matched cleanly; no exception detected.,none,False
e09cc2efd4df,9a8dca03-580d-4b71-98f5-64135be6128e,exact,clean_match,"Settlement matches the expected MDR fee, GST, and refund adjustment exactly.",not_selected,False,,,,,,not_assessed,auto_cleared,Engine matched cleanly; no exception detected.,none,False
e09cc2efd4df,9e50aa42-ca6d-4da1-989b-c4da9b37a22b,exact,clean_match,"Settlement matches the expected MDR fee, GST, and refund adjustment exactly.",not_selected,False,,,,,,not_assessed,auto_cleared,Engine matched cleanly; no exception detected.,none,False
e09cc2efd4df,9f0fda8d-0537-4ff6-96d7-b3b833094d35,exact,clean_match,"Settlement matches the expected MDR fee, GST, and refund adjustment exactly.",not_selected,False,,,,,,not_assessed,auto_cleared,Engine matched cleanly; no exception detected.,none,False
e09cc2efd4df,9f4c3b79-fb10-487f-a0ac-3703eb67146a,exact,clean_match,"Settlement matches the expected MDR fee, GST, and refund adjustment exactly.",not_selected,False,,,,,,not_assessed,auto_cleared,Engine matched cleanly; no exception detected.,none,False
e09cc2efd4df,a092f52a-d4a0-47a7-b0cc-1b3b9793b9b4,exact,clean_match,"Settlement matches the expected MDR fee, GST, and refund adjustment exactly.",not_selected,False,,,,,,not_assessed,auto_cleared,Engine matched cleanly; no exception detected.,none,False
e09cc2efd4df,a34b6cf6-2053-4a42-b1af-db65b289f224,exact,clean_match,"Settlement matches the expected MDR fee, GST, and refund adjustment exactly.",not_selected,False,,,,,,not_assessed,auto_cleared,Engine matched cleanly; no exception detected.,none,False
e09cc2efd4df,a8499b92-6b52-42e3-94fc-dd549e8fc965,exact,clean_match,"Settlement matches the expected MDR fee, GST, and refund adjustment exactly.",not_selected,False,,,,,,not_assessed,auto_cleared,Engine matched cleanly; no exception detected.,none,False
e09cc2efd4df,a8b317fa-18d0-452b-9825-bc5430beb45f,exact,clean_match,"Settlement matches the expected MDR fee, GST, and refund adjustment exactly.",not_selected,False,,,,,,not_assessed,auto_cleared,Engine matched cleanly; no exception detected.,none,False
e09cc2efd4df,ab0e664e-9c3e-42d5-91e1-aa9676f72255,exact,clean_match,"Settlement matches the expected MDR fee, GST, and refund adjustment exactly.",not_selected,False,,,,,,not_assessed,auto_cleared,Engine matched cleanly; no exception detected.,none,False
e09cc2efd4df,ab9099a4-35a2-40ae-9af3-05535ec42e08,exact,clean_match,"Settlement matches the expected MDR fee, GST, and refund adjustment exactly.",not_selected,False,,,,,,not_assessed,auto_cleared,Engine matched cleanly; no exception detected.,none,False
e09cc2efd4df,ac619e63-0dde-49a6-baa4-b71add2467ac,exact,clean_match,"Settlement matches the expected MDR fee, GST, and refund adjustment exactly.",not_selected,False,,,,,,not_assessed,auto_cleared,Engine matched cleanly; no exception detected.,none,False
e09cc2efd4df,ad3c2d6d-1a3d-4fa7-bc89-60a923b8c1e9,exact,clean_match,"Settlement matches the expected MDR fee, GST, and refund adjustment exactly.",not_selected,False,,,,,,not_assessed,auto_cleared,Engine matched cleanly; no exception detected.,none,False
e09cc2efd4df,addc3e13-ab3b-4d37-960c-95ee638c254c,exact,clean_match,"Settlement matches the expected MDR fee, GST, and refund adjustment exactly.",not_selected,False,,,,,,not_assessed,auto_cleared,Engine matched cleanly; no exception detected.,none,False
e09cc2efd4df,afbb411a-a123-4a8c-93b7-a88612f70c97,exact,clean_match,"Settlement matches the expected MDR fee, GST, and refund adjustment exactly.",not_selected,False,,,,,,not_assessed,auto_cleared,Engine matched cleanly; no exception detected.,none,False
e09cc2efd4df,b09b2a5c-badc-432a-8159-0f538a0f4efb,exact,clean_match,"Settlement matches the expected MDR fee, GST, and refund adjustment exactly.",not_selected,False,,,,,,not_assessed,auto_cleared,Engine matched cleanly; no exception detected.,none,False
e09cc2efd4df,b386f7a4-c991-403f-a8c1-3091444d610b,exact,clean_match,"Settlement matches the expected MDR fee, GST, and refund adjustment exactly.",not_selected,False,,,,,,not_assessed,auto_cleared,Engine matched cleanly; no exception detected.,none,False
e09cc2efd4df,b4fb0eb9-49c1-4de7-bb42-06c5085b15fb,exact,clean_match,"Settlement matches the expected MDR fee, GST, and refund adjustment exactly.",not_selected,False,,,,,,not_assessed,auto_cleared,Engine matched cleanly; no exception detected.,none,False
e09cc2efd4df,b63b4dc3-a559-4463-b9e1-3ceab0cbc61f,exact,clean_match,"Settlement matches the expected MDR fee, GST, and refund adjustment exactly.",not_selected,False,,,,,,not_assessed,auto_cleared,Engine matched cleanly; no exception detected.,none,False
e09cc2efd4df,b758588d-ab73-495b-b44a-54b842c18a62,exact,clean_match,"Settlement matches the expected MDR fee, GST, and refund adjustment exactly.",not_selected,False,,,,,,not_assessed,auto_cleared,Engine matched cleanly; no exception detected.,none,False
e09cc2efd4df,b83cfe0b-e037-45ed-b8db-0672f42d47cc,exact,clean_match,"Settlement matches the expected MDR fee, GST, and refund adjustment exactly.",not_selected,False,,,,,,not_assessed,auto_cleared,Engine matched cleanly; no exception detected.,none,False
e09cc2efd4df,b856d035-3dc9-4290-95ea-bb2730e912f2,exact,clean_match,"Settlement matches the expected MDR fee, GST, and refund adjustment exactly.",not_selected,False,,,,,,not_assessed,auto_cleared,Engine matched cleanly; no exception detected.,none,False
e09cc2efd4df,bef59fe6-ff23-4d5f-aced-d15d58007c02,exact,clean_match,"Settlement matches the expected MDR fee, GST, and refund adjustment exactly.",not_selected,False,,,,,,not_assessed,auto_cleared,Engine matched cleanly; no exception detected.,none,False
e09cc2efd4df,c31edbbc-f36c-462b-892e-6161be2d740a,exact,clean_match,"Settlement matches the expected MDR fee, GST, and refund adjustment exactly.",not_selected,False,,,,,,not_assessed,auto_cleared,Engine matched cleanly; no exception detected.,none,False
e09cc2efd4df,c37459ee-f50b-4a63-b71e-cd7b27cd8130,exact,clean_match,"Settlement matches the expected MDR fee, GST, and refund adjustment exactly.",not_selected,False,,,,,,not_assessed,auto_cleared,Engine matched cleanly; no exception detected.,none,False
e09cc2efd4df,c40db9b4-885f-4e66-82b6-d2c5fa5d3100,exact,clean_match,"Settlement matches the expected MDR fee, GST, and refund adjustment exactly.",not_selected,False,,,,,,not_assessed,auto_cleared,Engine matched cleanly; no exception detected.,none,False
e09cc2efd4df,c51155ff-e7a3-4e81-a3b4-c08b6b8e869f,exact,clean_match,"Settlement matches the expected MDR fee, GST, and refund adjustment exactly.",not_selected,False,,,,,,not_assessed,auto_cleared,Engine matched cleanly; no exception detected.,none,False
e09cc2efd4df,c5e7ce8a-3a57-4a8e-a948-8d990bbb2599,exact,clean_match,"Settlement matches the expected MDR fee, GST, and refund adjustment exactly.",not_selected,False,,,,,,not_assessed,auto_cleared,Engine matched cleanly; no exception detected.,none,False
e09cc2efd4df,c6a7ee39-c4b0-42cc-97c5-24a55304317f,exact,clean_match,"Settlement matches the expected MDR fee, GST, and refund adjustment exactly.",not_selected,False,,,,,,not_assessed,auto_cleared,Engine matched cleanly; no exception detected.,none,False
e09cc2efd4df,c8fe3ccd-c8b8-49c6-ad30-49cf43e458fc,exact,clean_match,"Settlement matches the expected MDR fee, GST, and refund adjustment exactly.",not_selected,False,,,,,,not_assessed,auto_cleared,Engine matched cleanly; no exception detected.,none,False
e09cc2efd4df,cac5b68c-28f4-4481-a0a0-4dc427209bdf,exact,clean_match,"Settlement matches the expected MDR fee, GST, and refund adjustment exactly.",not_selected,False,,,,,,not_assessed,auto_cleared,Engine matched cleanly; no exception detected.,none,False
e09cc2efd4df,cd5f4822-6966-48aa-ae49-f329c84a7b28,exact,clean_match,"Settlement matches the expected MDR fee, GST, and refund adjustment exactly.",not_selected,False,,,,,,not_assessed,auto_cleared,Engine matched cleanly; no exception detected.,none,False
e09cc2efd4df,ce3714af-99b4-4350-af2b-99b4d9acd158,exact,clean_match,"Settlement matches the expected MDR fee, GST, and refund adjustment exactly.",not_selected,False,,,,,,not_assessed,auto_cleared,Engine matched cleanly; no exception detected.,none,False
e09cc2efd4df,ce4a2bbd-c241-430b-81a9-e71fde8a774b,exact,clean_match,"Settlement matches the expected MDR fee, GST, and refund adjustment exactly.",not_selected,False,,,,,,not_assessed,auto_cleared,Engine matched cleanly; no exception detected.,none,False
e09cc2efd4df,d36357b6-6f81-4f4f-b701-f7bb7bc67e1f,exact,clean_match,"Settlement matches the expected MDR fee, GST, and refund adjustment exactly.",not_selected,False,,,,,,not_assessed,auto_cleared,Engine matched cleanly; no exception detected.,none,False
e09cc2efd4df,d9178793-a9d3-42e6-905c-c6869f871ce7,exact,clean_match,"Settlement matches the expected MDR fee, GST, and refund adjustment exactly.",not_selected,False,,,,,,not_assessed,auto_cleared,Engine matched cleanly; no exception detected.,none,False
e09cc2efd4df,da587e8a-a25d-4b29-afff-cfd2341ef40b,exact,clean_match,"Settlement matches the expected MDR fee, GST, and refund adjustment exactly.",not_selected,False,,,,,,not_assessed,auto_cleared,Engine matched cleanly; no exception detected.,none,False
e09cc2efd4df,dc33e1f9-4c1f-45ab-b156-29eee893be3d,exact,clean_match,"Settlement matches the expected MDR fee, GST, and refund adjustment exactly.",not_selected,False,,,,,,not_assessed,auto_cleared,Engine matched cleanly; no exception detected.,none,False
e09cc2efd4df,dc45d539-c03f-4538-a485-5aa1016b6287,exact,clean_match,"Settlement matches the expected MDR fee, GST, and refund adjustment exactly.",not_selected,False,,,,,,not_assessed,auto_cleared,Engine matched cleanly; no exception detected.,none,False
e09cc2efd4df,dc98d2c1-e2ac-472f-9e57-4f7aa0ee89ae,exact,clean_match,"Settlement matches the expected MDR fee, GST, and refund adjustment exactly.",not_selected,False,,,,,,not_assessed,auto_cleared,Engine matched cleanly; no exception detected.,none,False
e09cc2efd4df,deda4e16-1b3d-4d5c-a9a1-fa6f81f76d1c,exact,clean_match,"Settlement matches the expected MDR fee, GST, and refund adjustment exactly.",not_selected,False,,,,,,not_assessed,auto_cleared,Engine matched cleanly; no exception detected.,none,False
e09cc2efd4df,e0c53cb8-3da9-42a9-8ed4-2f1a3d4cbf37,exact,clean_match,"Settlement matches the expected MDR fee, GST, and refund adjustment exactly.",not_selected,False,,,,,,not_assessed,auto_cleared,Engine matched cleanly; no exception detected.,none,False
e09cc2efd4df,e0ccedc5-f05d-476e-9a84-a51aa9d3d7c7,exact,clean_match,"Settlement matches the expected MDR fee, GST, and refund adjustment exactly.",not_selected,False,,,,,,not_assessed,auto_cleared,Engine matched cleanly; no exception detected.,none,False
e09cc2efd4df,e14eb70d-b380-473a-989d-9d4ae15ca666,exact,clean_match,"Settlement matches the expected MDR fee, GST, and refund adjustment exactly.",not_selected,False,,,,,,not_assessed,auto_cleared,Engine matched cleanly; no exception detected.,none,False
e09cc2efd4df,e1805081-5958-4499-aeea-163e21e8ac68,exact,clean_match,"Settlement matches the expected MDR fee, GST, and refund adjustment exactly.",not_selected,False,,,,,,not_assessed,auto_cleared,Engine matched cleanly; no exception detected.,none,False
e09cc2efd4df,e27a984d-6548-41d0-bfcd-9eb1a7cad415,exact,clean_match,"Settlement matches the expected MDR fee, GST, and refund adjustment exactly.",not_selected,False,,,,,,not_assessed,auto_cleared,Engine matched cleanly; no exception detected.,none,False
e09cc2efd4df,e3e9de99-f10c-418b-9eb0-e38a675dd5af,exact,clean_match,"Settlement matches the expected MDR fee, GST, and refund adjustment exactly.",not_selected,False,,,,,,not_assessed,auto_cleared,Engine matched cleanly; no exception detected.,none,False
e09cc2efd4df,e4347d51-c158-4092-b335-cba3513a7052,exact,clean_match,"Settlement matches the expected MDR fee, GST, and refund adjustment exactly.",not_selected,False,,,,,,not_assessed,auto_cleared,Engine matched cleanly; no exception detected.,none,False
e09cc2efd4df,e623a689-5d59-4d2a-8eea-04e70ab54bde,exact,clean_match,"Settlement matches the expected MDR fee, GST, and refund adjustment exactly.",not_selected,False,,,,,,not_assessed,auto_cleared,Engine matched cleanly; no exception detected.,none,False
e09cc2efd4df,e827a1b9-d4a0-4e53-ad3e-e1dc81392443,exact,clean_match,"Settlement matches the expected MDR fee, GST, and refund adjustment exactly.",not_selected,False,,,,,,not_assessed,auto_cleared,Engine matched cleanly; no exception detected.,none,False
e09cc2efd4df,eb5cf467-80ba-4d64-ba0e-cfea958ca9ba,exact,clean_match,"Settlement matches the expected MDR fee, GST, and refund adjustment exactly.",not_selected,False,,,,,,not_assessed,auto_cleared,Engine matched cleanly; no exception detected.,none,False
e09cc2efd4df,ec1b8ca1-f91e-4d4c-9ff4-9b7889463e85,exact,clean_match,"Settlement matches the expected MDR fee, GST, and refund adjustment exactly.",not_selected,False,,,,,,not_assessed,auto_cleared,Engine matched cleanly; no exception detected.,none,False
e09cc2efd4df,ece66fa2-fd51-46e6-851b-4cf36123fdf7,exact,clean_match,"Settlement matches the expected MDR fee, GST, and refund adjustment exactly.",not_selected,False,,,,,,not_assessed,auto_cleared,Engine matched cleanly; no exception detected.,none,False
e09cc2efd4df,f071d879-54c6-4cd8-8945-6f27d7fa2d8d,exact,clean_match,"Settlement matches the expected MDR fee, GST, and refund adjustment exactly.",not_selected,False,,,,,,not_assessed,auto_cleared,Engine matched cleanly; no exception detected.,none,False
e09cc2efd4df,f1578470-0182-47c4-ba1b-58066160a6b4,exact,clean_match,"Settlement matches the expected MDR fee, GST, and refund adjustment exactly.",not_selected,False,,,,,,not_assessed,auto_cleared,Engine matched cleanly; no exception detected.,none,False
e09cc2efd4df,f16287e4-e9c3-49e0-b602-f8ac10f1bc81,exact,clean_match,"Settlement matches the expected MDR fee, GST, and refund adjustment exactly.",not_selected,False,,,,,,not_assessed,auto_cleared,Engine matched cleanly; no exception detected.,none,False
e09cc2efd4df,f3b63fe1-d184-4324-97e8-392a55cee5db,exact,clean_match,"Settlement matches the expected MDR fee, GST, and refund adjustment exactly.",not_selected,False,,,,,,not_assessed,auto_cleared,Engine matched cleanly; no exception detected.,none,False
e09cc2efd4df,f53d4330-cdda-44ba-ad06-e8cf3805f907,exact,clean_match,"Settlement matches the expected MDR fee, GST, and refund adjustment exactly.",not_selected,False,,,,,,not_assessed,auto_cleared,Engine matched cleanly; no exception detected.,none,False
e09cc2efd4df,f5c9b047-9c10-4572-8f6b-40d09efba58b,exact,clean_match,"Settlement matches the expected MDR fee, GST, and refund adjustment exactly.",not_selected,False,,,,,,not_assessed,auto_cleared,Engine matched cleanly; no exception detected.,none,False
e09cc2efd4df,f6b751f7-9b74-4245-9b1b-c8952af43ab7,exact,clean_match,"Settlement matches the expected MDR fee, GST, and refund adjustment exactly.",not_selected,False,,,,,,not_assessed,auto_cleared,Engine matched cleanly; no exception detected.,none,False
e09cc2efd4df,fbc9f87a-f668-4617-94a1-875d2db69edb,exact,clean_match,"Settlement matches the expected MDR fee, GST, and refund adjustment exactly.",not_selected,False,,,,,,not_assessed,auto_cleared,Engine matched cleanly; no exception detected.,none,False
e09cc2efd4df,fe716b14-15ce-4a66-8dc8-2a1ef2f9e5fa,exact,clean_match,"Settlement matches the expected MDR fee, GST, and refund adjustment exactly.",not_selected,False,,,,,,not_assessed,auto_cleared,Engine matched cleanly; no exception detected.,none,False
e09cc2efd4df,ffd0f9d5-a6f2-47b8-8cf3-5b5819108be5,exact,clean_match,"Settlement matches the expected MDR fee, GST, and refund adjustment exactly.",not_selected,False,,,,,,not_assessed,auto_cleared,Engine matched cleanly; no exception detected.,none,False
